"['in', 'time', 'network', 'trade', 'port', 'samsung']"
"['good unlimited', 'best unlimited', 'good network', 'best network', 'free', 'trade', 'zenfone']"
"['motorola moto z3', 'g motomod', 'motorola z3', 'moto z3', 'that z3', 'network that', 'g', 'verizon', 'network', 'super amoled']"
"['good network', 'select trade', 'eligible', 'additional', 'xl', 'pixel', 'discount', 'bic']"
"['good network', 'select trade', 'good', 'in']"
"['good network', 'url', 'reoccurring bic', 'discount system', 'eligible', 'offer', 'trade', 'discount', 'sed']"
"['qualifying devices buy', 'in', 'new', 'valid', 'requirements', 'gs9/9']"
"['iphone x', 'gb model', 'iphone', 'in', 'plus', 'new']"
"['trade', 'network', 'america', 'low']"
"['good streaming network', 'good streaming', 'good android', 'limited time offer', 'limited time', 'gs8', 'offer']"
"['in', 'network', 'new', 'trade']"
"['good network', 'select trade', 'apple version', 'good', 'iphone', 'trade', 'in', 'version', 'red', 'apple']"
