"['in', 'time', 'network', 'samsung', 'trade', 'offer', 'smartphone', 'level', 'entry', 'eligibility']"
"['free', 'phone', 'unlimited', 'good', 'network', 'deal', 'trade', 'line', 'new', 'eligibility']"
"['g', 'verizon', 'network', 'z3', 'full', 'smartphone', 'that', 'motomod', 'availability', 'moto']"
"['eligible', 'pixel', 'discount', 'network', 'trade', 'good', 'time', 'google', 'stackability', 'stackable']"
"['good', 'network', 'z2', 'in', 'moto', '2xl', 'pixel', 'google', 'hero', 'gs9']"
"['url', 'eligible', 'trade', 'offer', 'discount', 'network', 'good', 'time', 'stackability', 'stackable']"
"['in', '-PRON-', 'billing', 'good', 'credit', 'phone', 'dpp', 'sub', 'z2', 'force']"
"['iphone', 'in', 'potential', 'plus', 'model', 'billing', 'gb', 'credit', 'dpp', 'upg']"
"['trade', 'america', 'network', 'new', 'eligibility', 'offer', 'time', 'amazing', 'iphone', 'primary']"
"['good', 'offer', 'gs8', 'time', 'android', '-PRON-', 'streaming', 'network', 'line', 'upgrade']"
"['in', 'new', 'network', 'line', 'only', 'time', 'z3', 'eligibility', 'limited', 'trade']"
"['good', 'red', 'version', 'apple', 'iphone', 'network', 'switch', 'voice', 'trade', 'select']"
