[]
"['5', 'Moto G6']"
"['Motorola', 'Verizon', 'Z3', 'Motorola', 'Verizon', 'Verizon', 'Motorola', 'Moto Z3', 'Super', 'Samsung/Google/iPhone', 'Verizon', 'Moto', 'G MotoMod', 'December', 'March']"
"['200', 'Google Pixel 2', 'additional $300', 'America', 'Promo', '& Amazon LP', '200', 'Pixel 2 XL', 'additional $300', 'Direct / Indirect / NR Eligible Purchase Types', 'DPP', '24 months', 'Stackability', 'ECPD']"
"['Switch', '300', 'America', 'Switch now', '300', 'Samsung', 'Google Pixel 2XL', 'Moto Z2 Force\nDates']"
"['300', '200', 'XXXXXXXXX', 'America', 'Promo', '300', '200', 'Pixel', '200', 'Moto Z2 Force', 'Direct / Indirect / NR Eligible Purchase Types', 'DPP', '24 months', 'Stackability', 'ECPD']"
"['50%', 'Android Qualifying Devices', 'V30', 'LG G7 Requirements\n', 'AAL', 'DPP']"
"['GB Model', 'Apple Qualifying Devices', 'iPhone X,', 'iPhone', 'iPhone', 'iPhone', '699.99', 'iPhone X', 'AAL', 'DPP']"
"['iPhone', 'as low as $10/mo\n ', 'America', 'iPhone', 'as low as $10/mo\n ', 'America']"
"['200', 'Android', 'America', '200', 'Android', 'Samsung', 'LG V30', 'Moto Z2 Force']"
"['Moto', 'only $10/mo\n No trade-in', 'Moto', 'only $10/mo\n No trade-in']"
"['Switch', '300', 'America', '300', 'iPhone', 'America', 'Apple Music Switch', '300', 'Holiday', 'Android', 'Pixel 3 XL\n 2', 'Samsung', 'LG', 'V40 Backup', 'RED', 'Apple', '1', 'iPhone XS', 'iPhone', 'XS Max']"
